[
  {
    "id": 1001,
    "BmGroupName": "Favourite 1",
    "grpItems": [
      {
        "id": 2001,
        "name": "Link 1",
        "url": "http://www.google.com"
      },
      {
        "id": 2002,
        "name": "Link 2",
        "url": "http://www.google.com"
      },
      {
        "id": 2003,
        "name": "Link 3",
        "url": "http://www.google.com"
      },
      {
        "id": 2004,
        "name": "Link 4",
        "url": "http://www.google.com"
      }
    ]
  },
  {
    "id": 1002,
    "BmGroupName": "Favourite 2",
    "grpItems": [
      {
        "id": 2005,
        "name": "Link 1",
        "url": "http://www.google.com"
      },
      {
        "id": 2006,
        "name": "Link 2",
        "url": "http://www.google.com"
      },
      {
        "id": 2007,
        "name": "Link 3",
        "url": "http://www.google.com"
      },
      {
        "id": 2008,
        "name": "Link 4",
        "url": "http://www.google.com"
      }
    ]
  },
  {
    "id": 1003,
    "BmGroupName": "Favourite 3",
    "grpItems": [
      {
        "id": 2009,
        "name": "Link 1",
        "url": "http://www.google.com"
      },
      {
        "id": 2010,
        "name": "Link 2",
        "url": "http://www.google.com"
      },
      {
        "id": 2011,
        "name": "Link 3",
        "url": "http://www.google.com"
      },
      {
        "id": 2012,
        "name": "Link 4",
        "url": "http://www.google.com"
      }
    ]
  },
  {
    "id": 1004,
    "BmGroupName": "Favourite 4",
    "grpItems": [
      {
        "id": 2013,
        "name": "Link 1",
        "url": "http://www.google.com"
      },
      {
        "id": 2014,
        "name": "Link 2",
        "url": "http://www.google.com"
      },
      {
        "id": 2015,
        "name": "Link 3",
        "url": "http://www.google.com"
      },
      {
        "id": 2016,
        "name": "Link 4",
        "url": "http://www.google.com"
      }
    ]
  }
]